Text;Label
MI-BPP-2023-2 Servicios de banca por internet y banca móvilMI-BPP-2023-2 Introducción Lorem ipsum dolor sit amet, consectetur adipiscing elit. Donec blandit, purus eget convallis hendrerit, ex enim varius nisl, eget molestie justo arcu a dolor. In hac habitasse platea dictumst. In nulla turpis, finibus in metus a, placerat placerat mi. Curabitur a convallis nulla. Sed vehicula tristique magna ut euismod. Vivamus condimentum neque at faucibus mattis. Curabitur maximus leo quis sem feugiat, ut condimentum nunc eleifend. Pellentesque vestibulum molestie condimentum. Vivamus volutpat lorem eu lacus viverra elementum. Nullam volutpat at nunc eu porta. Phasellus finibus ut dolor sit amet gravida. Class aptent taciti sociosqu ad litora torquent per conubia nostra, per inceptos himenaeos. Nullam a rutrum ligula. Vivamus at neque ac mauris pretium fermentum eu quis ligula. Objetivos Lorem ipsum dolor sit amet, consectetur adipiscing elit. Donec blandit, purus eget convallis hendrerit, ex enim varius nisl, eget molestie justo arcu a dolor. In hac habitasse platea dictumst. In nulla turpis, finibus in metus a, placerat placerat mi. Curabitur a convallis nulla. Sed vehicula tristique magna ut euismod. Vivamus condimentum neque at faucibus mattis. Curabitur maximus leo quis sem feugiat, ut condimentum nunc eleifend. Pellentesque vestibulum molestie condimentum. Vivamus volutpat lorem eu lacus viverra elementum. Nullam volutpat at nunc eu porta. Phasellus finibus ut dolor sit amet gravida. Class aptent taciti sociosqu ad litora torquent per conubia nostra, per inceptos himenaeos. Nullam a rutrum ligula. Vivamus at neque ac mauris pretium fermentum eu quis ligula. Manual de Instalacion Alcance Lorem ipsum dolor sit amet, consectetur adipiscing elit. Donec blandit, purus eget convallis hendrerit, ex enim varius nisl, eget molestie justo arcu a dolor. In hac habitasse platea dictumst. In nulla turpis, finibus in metus a, placerat placerat mi. Curabitur a convallis nulla. Sed vehicula tristique magna ut euismod. Vivamus condimentum neque at faucibus mattis. Curabitur maximus leo quis sem feugiat, ut condimentum nunc eleifend. Pellentesque vestibulum molestie condimentum. Vivamus volutpat lorem eu lacus viverra elementum. Nullam volutpat at nunc eu porta. Phasellus finibus ut dolor sit amet gravida. Class aptent taciti sociosqu ad litora torquent per conubia nostra, per inceptos himenaeos. Nullam a rutrum ligula. Vivamus at neque ac mauris pretium fermentum eu quis ligula. Descripción de la aplicación Lorem ipsum dolor sit amet, consectetur adipiscing elit. Donec blandit, purus eget convallis hendrerit, ex enim varius nisl, eget molestie justo arcu a dolor. In hac habitasse platea dictumst. In nulla turpis, finibus in metus a, placerat placerat mi. Curabitur a convallis nulla. Sed vehicula tristique magna ut euismod. Vivamus condimentum neque at faucibus mattis. Curabitur maximus leo quis sem feugiat, ut condimentum nunc eleifend. Pellentesque vestibulum molestie condimentum. Vivamus volutpat lorem eu lacus viverra elementum. Nullam volutpat at nunc eu porta. Phasellus finibus ut dolor sit amet gravida. Class aptent taciti sociosqu ad litora torquent per conubia nostra, perMI-BPP-2023-2 inceptos himenaeos. Nullam a rutrum ligula. Vivamus at neque ac mauris pretium fermentum eu quis ligula. Anexos Lorem ipsum dolor sit amet, consectetur adipiscing elit. Donec blandit, purus eget convallis hendrerit, ex enim varius nisl, eget molestie justo arcu a dolor. In hac habitasse platea dictumst. In nulla turpis, finibus in metus a, placerat placerat mi. Curabitur a convallis nulla. Sed vehicula tristique magna ut euismod. Vivamus condimentum neque at faucibus mattis. Curabitur maximus leo quis sem feugiat, ut condimentum nunc eleifend. Pellentesque vestibulum molestie condimentum. Vivamus volutpat lorem eu lacus viverra elementum. Nullam volutpat at nunc eu porta. Phasellus finibus ut dolor sit amet gravida. Class aptent taciti sociosqu ad litora torquent per conubia nostra, per inceptos himenaeos. Nullam a rutrum ligula. Vivamus at neque ac mauris pretium fermentum eu quis ligula.;manual instalacion
MI-CP-2022-1 Manual de servicios de telefonía fija y móvil Introducción Lorem ipsum dolor sit amet, consectetur adipiscing elit. Donec blandit, purus eget convallis hendrerit, ex enim varius nisl, eget molestie justo arcu a dolor. In hac habitasse platea dictumst. In nulla turpis, finibus in metus a, placerat placerat mi. Curabitur a convallis nulla. Sed vehicula tristique magna ut euismod. Vivamus condimentum neque at faucibus mattis. Curabitur maximus leo quis sem feugiat, ut condimentum nuncMI-CP-2022-1 eleifend. Pellentesque vestibulum molestie condimentum. Vivamus volutpat lorem eu lacus viverra elementum. Nullam volutpat at nunc eu porta. Phasellus finibus ut dolor sit amet gravida. Class aptent taciti sociosqu ad litora torquent per conubia nostra, per inceptos himenaeos. Nullam a rutrum ligula. Vivamus at neque ac mauris pretium fermentum eu quis ligula. Objetivos Lorem ipsum dolor sit amet, consectetur adipiscing elit. Donec blandit, purus eget convallis hendrerit, ex enim varius nisl, eget molestie justo arcu a dolor. In hac habitasse platea dictumst. In nulla turpis, finibus in metus a, placerat placerat mi. Curabitur a convallis nulla. Sed vehicula tristique magna ut euismod. Vivamus condimentum neque at faucibus mattis. Curabitur maximus leo quis sem feugiat, ut condimentum nunc eleifend. Pellentesque vestibulum molestie condimentum. Vivamus volutpat lorem eu lacus viverra elementum. Nullam volutpat at nunc eu porta. Phasellus finibus ut dolor sit amet gravida. Class aptent taciti sociosqu ad litora torquent per conubia nostra, per inceptos himenaeos. Nullam a rutrum ligula. Vivamus at neque ac mauris pretium fermentum eu quis ligula. Manual de Instalacion Alcance Lorem ipsum dolor sit amet, consectetur adipiscing elit. Donec blandit, purus eget convallis hendrerit, ex enim varius nisl, eget molestie justo arcu a dolor. In hac habitasse platea dictumst. In nulla turpis, finibus in metus a, placerat placerat mi. Curabitur a convallis nulla. Sed vehicula tristique magna ut euismod. Vivamus condimentum neque at faucibus mattis. Curabitur maximus leo quis sem feugiat, ut condimentum nunc eleifend. Pellentesque vestibulum molestie condimentum. Vivamus volutpat lorem eu lacus viverra elementum. Nullam volutpat at nunc eu porta. Phasellus finibus ut dolor sit amet gravida. Class aptent taciti sociosqu ad litora torquent per conubia nostra, per inceptos himenaeos. Nullam a rutrum ligula. Vivamus at neque ac mauris pretium fermentum eu quis ligula. Descripción de la aplicación Lorem ipsum dolor sit amet, consectetur adipiscing elit. Donec blandit, purus eget convallis hendrerit, ex enim varius nisl, eget molestie justo arcu a dolor. In hac habitasse platea dictumst. In nulla turpis, finibus in metus a, placerat placerat mi. Curabitur a convallis nulla. Sed vehicula tristique magna ut euismod. Vivamus condimentum neque at faucibus mattis. Curabitur maximus leo quis sem feugiat, ut condimentum nunc eleifend. Pellentesque vestibulum molestie condimentum. Vivamus volutpat lorem eu lacus viverra elementum. Nullam volutpat at nunc eu porta. Phasellus finibus ut dolor sit amet gravida. Class aptent taciti sociosqu ad litora torquent per conubia nostra, per inceptos himenaeos. Nullam a rutrum ligula. Vivamus at neque ac mauris pretium fermentum eu quis ligula. Anexos Lorem ipsum dolor sit amet, consectetur adipiscing elit. Donec blandit, purus eget convallis hendrerit, ex enim varius nisl, eget molestie justo arcu a dolor. In hac habitasseMI-CP-2022-1 platea dictumst. In nulla turpis, finibus in metus a, placerat placerat mi. Curabitur a convallis nulla. Sed vehicula tristique magna ut euismod. Vivamus condimentum neque at faucibus mattis. Curabitur maximus leo quis sem feugiat, ut condimentum nunc eleifend. Pellentesque vestibulum molestie condimentum. Vivamus volutpat lorem eu lacus viverra elementum. Nullam volutpat at nunc eu porta. Phasellus finibus ut dolor sit amet gravida. Class aptent taciti sociosqu ad litora torquent per conubia nostra, per inceptos himenaeos. Nullam a rutrum ligula. Vivamus at neque ac mauris pretium fermentum eu quis ligula.;manual instalacion
MI-EB-2023-1 Servicios de gestión energética y consultoría Introducción Lorem ipsum dolor sit amet, consectetur adipiscing elit. Donec blandit, purus eget convallis hendrerit, ex enim varius nisl, eget molestie justo arcu a dolor. In hac habitasse platea dictumst. In nulla turpis, finibus in metus a, placerat placerat mi. Curabitur aMI-EB-2023-1 convallis nulla. Sed vehicula tristique magna ut euismod. Vivamus condimentum neque at faucibus mattis. Curabitur maximus leo quis sem feugiat, ut condimentum nunc eleifend. Pellentesque vestibulum molestie condimentum. Vivamus volutpat lorem eu lacus viverra elementum. Nullam volutpat at nunc eu porta. Phasellus finibus ut dolor sit amet gravida. Class aptent taciti sociosqu ad litora torquent per conubia nostra, per inceptos himenaeos. Nullam a rutrum ligula. Vivamus at neque ac mauris pretium fermentum eu quis ligula. Objetivos Lorem ipsum dolor sit amet, consectetur adipiscing elit. Donec blandit, purus eget convallis hendrerit, ex enim varius nisl, eget molestie justo arcu a dolor. In hac habitasse platea dictumst. In nulla turpis, finibus in metus a, placerat placerat mi. Curabitur a convallis nulla. Sed vehicula tristique magna ut euismod. Vivamus condimentum neque at faucibus mattis. Curabitur maximus leo quis sem feugiat, ut condimentum nunc eleifend. Pellentesque vestibulum molestie condimentum. Vivamus volutpat lorem eu lacus viverra elementum. Nullam volutpat at nunc eu porta. Phasellus finibus ut dolor sit amet gravida. Class aptent taciti sociosqu ad litora torquent per conubia nostra, per inceptos himenaeos. Nullam a rutrum ligula. Vivamus at neque ac mauris pretium fermentum eu quis ligula. Manual de Instalacion Alcance Lorem ipsum dolor sit amet, consectetur adipiscing elit. Donec blandit, purus eget convallis hendrerit, ex enim varius nisl, eget molestie justo arcu a dolor. In hac habitasse platea dictumst. In nulla turpis, finibus in metus a, placerat placerat mi. Curabitur a convallis nulla. Sed vehicula tristique magna ut euismod. Vivamus condimentum neque at faucibus mattis. Curabitur maximus leo quis sem feugiat, ut condimentum nunc eleifend. Pellentesque vestibulum molestie condimentum. Vivamus volutpat lorem eu lacus viverra elementum. Nullam volutpat at nunc eu porta. Phasellus finibus ut dolor sit amet gravida. Class aptent taciti sociosqu ad litora torquent per conubia nostra, per inceptos himenaeos. Nullam a rutrum ligula. Vivamus at neque ac mauris pretium fermentum eu quis ligula. Descripción de la aplicación Lorem ipsum dolor sit amet, consectetur adipiscing elit. Donec blandit, purus eget convallis hendrerit, ex enim varius nisl, eget molestie justo arcu a dolor. In hac habitasse platea dictumst. In nulla turpis, finibus in metus a, placerat placerat mi. Curabitur a convallis nulla. Sed vehicula tristique magna ut euismod. Vivamus condimentum neque at faucibus mattis. Curabitur maximus leo quis sem feugiat, ut condimentum nunc eleifend. Pellentesque vestibulum molestie condimentum. Vivamus volutpat lorem eu lacus viverra elementum. Nullam volutpat at nunc eu porta. Phasellus finibus ut dolor sit amet gravida. Class aptent taciti sociosqu ad litora torquent per conubia nostra, per inceptos himenaeos. Nullam a rutrum ligula. Vivamus at neque ac mauris pretium fermentum eu quis ligula. AnexosMI-EB-2023-1 Lorem ipsum dolor sit amet, consectetur adipiscing elit. Donec blandit, purus eget convallis hendrerit, ex enim varius nisl, eget molestie justo arcu a dolor. In hac habitasse platea dictumst. In nulla turpis, finibus in metus a, placerat placerat mi. Curabitur a convallis nulla. Sed vehicula tristique magna ut euismod. Vivamus condimentum neque at faucibus mattis. Curabitur maximus leo quis sem feugiat, ut condimentum nunc eleifend. Pellentesque vestibulum molestie condimentum. Vivamus volutpat lorem eu lacus viverra elementum. Nullam volutpat at nunc eu porta. Phasellus finibus ut dolor sit amet gravida. Class aptent taciti sociosqu ad litora torquent per conubia nostra, per inceptos himenaeos. Nullam a rutrum ligula. Vivamus at neque ac mauris pretium fermentum eu quis ligula.;manual instalacion
MI-EB-2024-1 Manual de consultoría educativaMI-EB-2024-1 Introducción Lorem ipsum dolor sit amet, consectetur adipiscing elit. Donec blandit, purus eget convallis hendrerit, ex enim varius nisl, eget molestie justo arcu a dolor. In hac habitasse platea dictumst. In nulla turpis, finibus in metus a, placerat placerat mi. Curabitur a convallis nulla. Sed vehicula tristique magna ut euismod. Vivamus condimentum neque at faucibus mattis. Curabitur maximus leo quis sem feugiat, ut condimentum nunc eleifend. Pellentesque vestibulum molestie condimentum. Vivamus volutpat lorem eu lacus viverra elementum. Nullam volutpat at nunc eu porta. Phasellus finibus ut dolor sit amet gravida. Class aptent taciti sociosqu ad litora torquent per conubia nostra, per inceptos himenaeos. Nullam a rutrum ligula. Vivamus at neque ac mauris pretium fermentum eu quis ligula. Objetivos Lorem ipsum dolor sit amet, consectetur adipiscing elit. Donec blandit, purus eget convallis hendrerit, ex enim varius nisl, eget molestie justo arcu a dolor. In hac habitasse platea dictumst. In nulla turpis, finibus in metus a, placerat placerat mi. Curabitur a convallis nulla. Sed vehicula tristique magna ut euismod. Vivamus condimentum neque at faucibus mattis. Curabitur maximus leo quis sem feugiat, ut condimentum nunc eleifend. Pellentesque vestibulum molestie condimentum. Vivamus volutpat lorem eu lacus viverra elementum. Nullam volutpat at nunc eu porta. Phasellus finibus ut dolor sit amet gravida. Class aptent taciti sociosqu ad litora torquent per conubia nostra, per inceptos himenaeos. Nullam a rutrum ligula. Vivamus at neque ac mauris pretium fermentum eu quis ligula. Manual de Instalacion Alcance Lorem ipsum dolor sit amet, consectetur adipiscing elit. Donec blandit, purus eget convallis hendrerit, ex enim varius nisl, eget molestie justo arcu a dolor. In hac habitasse platea dictumst. In nulla turpis, finibus in metus a, placerat placerat mi. Curabitur a convallis nulla. Sed vehicula tristique magna ut euismod. Vivamus condimentum neque at faucibus mattis. Curabitur maximus leo quis sem feugiat, ut condimentum nunc eleifend. Pellentesque vestibulum molestie condimentum. Vivamus volutpat lorem eu lacus viverra elementum. Nullam volutpat at nunc eu porta. Phasellus finibus ut dolor sit amet gravida. Class aptent taciti sociosqu ad litora torquent per conubia nostra, per inceptos himenaeos. Nullam a rutrum ligula. Vivamus at neque ac mauris pretium fermentum eu quis ligula. Descripción de la aplicación Lorem ipsum dolor sit amet, consectetur adipiscing elit. Donec blandit, purus eget convallis hendrerit, ex enim varius nisl, eget molestie justo arcu a dolor. In hac habitasse platea dictumst. In nulla turpis, finibus in metus a, placerat placerat mi. Curabitur a convallis nulla. Sed vehicula tristique magna ut euismod. Vivamus condimentum neque at faucibus mattis. Curabitur maximus leo quis sem feugiat, ut condimentum nunc eleifend. Pellentesque vestibulum molestie condimentum. Vivamus volutpat lorem eu lacus viverra elementum. Nullam volutpat at nunc eu porta. Phasellus finibus ut dolor sit amet gravida. Class aptent taciti sociosqu ad litora torquent per conubia nostra, perMI-EB-2024-1 inceptos himenaeos. Nullam a rutrum ligula. Vivamus at neque ac mauris pretium fermentum eu quis ligula. Anexos Lorem ipsum dolor sit amet, consectetur adipiscing elit. Donec blandit, purus eget convallis hendrerit, ex enim varius nisl, eget molestie justo arcu a dolor. In hac habitasse platea dictumst. In nulla turpis, finibus in metus a, placerat placerat mi. Curabitur a convallis nulla. Sed vehicula tristique magna ut euismod. Vivamus condimentum neque at faucibus mattis. Curabitur maximus leo quis sem feugiat, ut condimentum nunc eleifend. Pellentesque vestibulum molestie condimentum. Vivamus volutpat lorem eu lacus viverra elementum. Nullam volutpat at nunc eu porta. Phasellus finibus ut dolor sit amet gravida. Class aptent taciti sociosqu ad litora torquent per conubia nostra, per inceptos himenaeos. Nullam a rutrum ligula. Vivamus at neque ac mauris pretium fermentum eu quis ligula.;manual instalacion
MI-EB-2024-2 Gestión de inversiones y carterasMI-EB-2024-2 Introducción Lorem ipsum dolor sit amet, consectetur adipiscing elit. Donec blandit, purus eget convallis hendrerit, ex enim varius nisl, eget molestie justo arcu a dolor. In hac habitasse platea dictumst. In nulla turpis, finibus in metus a, placerat placerat mi. Curabitur a convallis nulla. Sed vehicula tristique magna ut euismod. Vivamus condimentum neque at faucibus mattis. Curabitur maximus leo quis sem feugiat, ut condimentum nunc eleifend. Pellentesque vestibulum molestie condimentum. Vivamus volutpat lorem eu lacus viverra elementum. Nullam volutpat at nunc eu porta. Phasellus finibus ut dolor sit amet gravida. Class aptent taciti sociosqu ad litora torquent per conubia nostra, per inceptos himenaeos. Nullam a rutrum ligula. Vivamus at neque ac mauris pretium fermentum eu quis ligula. Objetivos Lorem ipsum dolor sit amet, consectetur adipiscing elit. Donec blandit, purus eget convallis hendrerit, ex enim varius nisl, eget molestie justo arcu a dolor. In hac habitasse platea dictumst. In nulla turpis, finibus in metus a, placerat placerat mi. Curabitur a convallis nulla. Sed vehicula tristique magna ut euismod. Vivamus condimentum neque at faucibus mattis. Curabitur maximus leo quis sem feugiat, ut condimentum nunc eleifend. Pellentesque vestibulum molestie condimentum. Vivamus volutpat lorem eu lacus viverra elementum. Nullam volutpat at nunc eu porta. Phasellus finibus ut dolor sit amet gravida. Class aptent taciti sociosqu ad litora torquent per conubia nostra, per inceptos himenaeos. Nullam a rutrum ligula. Vivamus at neque ac mauris pretium fermentum eu quis ligula. Manual de Instalacion Alcance Lorem ipsum dolor sit amet, consectetur adipiscing elit. Donec blandit, purus eget convallis hendrerit, ex enim varius nisl, eget molestie justo arcu a dolor. In hac habitasse platea dictumst. In nulla turpis, finibus in metus a, placerat placerat mi. Curabitur a convallis nulla. Sed vehicula tristique magna ut euismod. Vivamus condimentum neque at faucibus mattis. Curabitur maximus leo quis sem feugiat, ut condimentum nunc eleifend. Pellentesque vestibulum molestie condimentum. Vivamus volutpat lorem eu lacus viverra elementum. Nullam volutpat at nunc eu porta. Phasellus finibus ut dolor sit amet gravida. Class aptent taciti sociosqu ad litora torquent per conubia nostra, per inceptos himenaeos. Nullam a rutrum ligula. Vivamus at neque ac mauris pretium fermentum eu quis ligula. Descripción de la aplicación Lorem ipsum dolor sit amet, consectetur adipiscing elit. Donec blandit, purus eget convallis hendrerit, ex enim varius nisl, eget molestie justo arcu a dolor. In hac habitasse platea dictumst. In nulla turpis, finibus in metus a, placerat placerat mi. Curabitur a convallis nulla. Sed vehicula tristique magna ut euismod. Vivamus condimentum neque at faucibus mattis. Curabitur maximus leo quis sem feugiat, ut condimentum nunc eleifend. Pellentesque vestibulum molestie condimentum. Vivamus volutpat lorem eu lacus viverra elementum. Nullam volutpat at nunc eu porta. Phasellus finibus ut dolor sit amet gravida. Class aptent taciti sociosqu ad litora torquent per conubia nostra, perMI-EB-2024-2 inceptos himenaeos. Nullam a rutrum ligula. Vivamus at neque ac mauris pretium fermentum eu quis ligula. Anexos Lorem ipsum dolor sit amet, consectetur adipiscing elit. Donec blandit, purus eget convallis hendrerit, ex enim varius nisl, eget molestie justo arcu a dolor. In hac habitasse platea dictumst. In nulla turpis, finibus in metus a, placerat placerat mi. Curabitur a convallis nulla. Sed vehicula tristique magna ut euismod. Vivamus condimentum neque at faucibus mattis. Curabitur maximus leo quis sem feugiat, ut condimentum nunc eleifend. Pellentesque vestibulum molestie condimentum. Vivamus volutpat lorem eu lacus viverra elementum. Nullam volutpat at nunc eu porta. Phasellus finibus ut dolor sit amet gravida. Class aptent taciti sociosqu ad litora torquent per conubia nostra, per inceptos himenaeos. Nullam a rutrum ligula. Vivamus at neque ac mauris pretium fermentum eu quis ligula.;manual instalacion
MI-IT-2023-2 Servicios de gestión de proyectos de TIMI-IT-2023-2 Introducción Lorem ipsum dolor sit amet, consectetur adipiscing elit. Donec blandit, purus eget convallis hendrerit, ex enim varius nisl, eget molestie justo arcu a dolor. In hac habitasse platea dictumst. In nulla turpis, finibus in metus a, placerat placerat mi. Curabitur a convallis nulla. Sed vehicula tristique magna ut euismod. Vivamus condimentum neque at faucibus mattis. Curabitur maximus leo quis sem feugiat, ut condimentum nunc eleifend. Pellentesque vestibulum molestie condimentum. Vivamus volutpat lorem eu lacus viverra elementum. Nullam volutpat at nunc eu porta. Phasellus finibus ut dolor sit amet gravida. Class aptent taciti sociosqu ad litora torquent per conubia nostra, per inceptos himenaeos. Nullam a rutrum ligula. Vivamus at neque ac mauris pretium fermentum eu quis ligula. Objetivos Lorem ipsum dolor sit amet, consectetur adipiscing elit. Donec blandit, purus eget convallis hendrerit, ex enim varius nisl, eget molestie justo arcu a dolor. In hac habitasse platea dictumst. In nulla turpis, finibus in metus a, placerat placerat mi. Curabitur a convallis nulla. Sed vehicula tristique magna ut euismod. Vivamus condimentum neque at faucibus mattis. Curabitur maximus leo quis sem feugiat, ut condimentum nunc eleifend. Pellentesque vestibulum molestie condimentum. Vivamus volutpat lorem eu lacus viverra elementum. Nullam volutpat at nunc eu porta. Phasellus finibus ut dolor sit amet gravida. Class aptent taciti sociosqu ad litora torquent per conubia nostra, per inceptos himenaeos. Nullam a rutrum ligula. Vivamus at neque ac mauris pretium fermentum eu quis ligula. Manual de Instalacion Alcance Lorem ipsum dolor sit amet, consectetur adipiscing elit. Donec blandit, purus eget convallis hendrerit, ex enim varius nisl, eget molestie justo arcu a dolor. In hac habitasse platea dictumst. In nulla turpis, finibus in metus a, placerat placerat mi. Curabitur a convallis nulla. Sed vehicula tristique magna ut euismod. Vivamus condimentum neque at faucibus mattis. Curabitur maximus leo quis sem feugiat, ut condimentum nunc eleifend. Pellentesque vestibulum molestie condimentum. Vivamus volutpat lorem eu lacus viverra elementum. Nullam volutpat at nunc eu porta. Phasellus finibus ut dolor sit amet gravida. Class aptent taciti sociosqu ad litora torquent per conubia nostra, per inceptos himenaeos. Nullam a rutrum ligula. Vivamus at neque ac mauris pretium fermentum eu quis ligula. Descripción de la aplicación Lorem ipsum dolor sit amet, consectetur adipiscing elit. Donec blandit, purus eget convallis hendrerit, ex enim varius nisl, eget molestie justo arcu a dolor. In hac habitasse platea dictumst. In nulla turpis, finibus in metus a, placerat placerat mi. Curabitur a convallis nulla. Sed vehicula tristique magna ut euismod. Vivamus condimentum neque at faucibus mattis. Curabitur maximus leo quis sem feugiat, ut condimentum nunc eleifend. Pellentesque vestibulum molestie condimentum. Vivamus volutpat lorem eu lacus viverra elementum. Nullam volutpat at nunc eu porta. Phasellus finibus ut dolor sit amet gravida. Class aptent taciti sociosqu ad litora torquent per conubia nostra, perMI-IT-2023-2 inceptos himenaeos. Nullam a rutrum ligula. Vivamus at neque ac mauris pretium fermentum eu quis ligula. Anexos Lorem ipsum dolor sit amet, consectetur adipiscing elit. Donec blandit, purus eget convallis hendrerit, ex enim varius nisl, eget molestie justo arcu a dolor. In hac habitasse platea dictumst. In nulla turpis, finibus in metus a, placerat placerat mi. Curabitur a convallis nulla. Sed vehicula tristique magna ut euismod. Vivamus condimentum neque at faucibus mattis. Curabitur maximus leo quis sem feugiat, ut condimentum nunc eleifend. Pellentesque vestibulum molestie condimentum. Vivamus volutpat lorem eu lacus viverra elementum. Nullam volutpat at nunc eu porta. Phasellus finibus ut dolor sit amet gravida. Class aptent taciti sociosqu ad litora torquent per conubia nostra, per inceptos himenaeos. Nullam a rutrum ligula. Vivamus at neque ac mauris pretium fermentum eu quis ligula.;manual instalacion
MI-LE-2022-1 Servicio de Almacenamiento y gestión de inventarioMI-LE-2022-1 Introducción Lorem ipsum dolor sit amet, consectetur adipiscing elit. Donec blandit, purus eget convallis hendrerit, ex enim varius nisl, eget molestie justo arcu a dolor. In hac habitasse platea dictumst. In nulla turpis, finibus in metus a, placerat placerat mi. Curabitur a convallis nulla. Sed vehicula tristique magna ut euismod. Vivamus condimentum neque at faucibus mattis. Curabitur maximus leo quis sem feugiat, ut condimentum nunc eleifend. Pellentesque vestibulum molestie condimentum. Vivamus volutpat lorem eu lacus viverra elementum. Nullam volutpat at nunc eu porta. Phasellus finibus ut dolor sit amet gravida. Class aptent taciti sociosqu ad litora torquent per conubia nostra, per inceptos himenaeos. Nullam a rutrum ligula. Vivamus at neque ac mauris pretium fermentum eu quis ligula. Objetivos Lorem ipsum dolor sit amet, consectetur adipiscing elit. Donec blandit, purus eget convallis hendrerit, ex enim varius nisl, eget molestie justo arcu a dolor. In hac habitasse platea dictumst. In nulla turpis, finibus in metus a, placerat placerat mi. Curabitur a convallis nulla. Sed vehicula tristique magna ut euismod. Vivamus condimentum neque at faucibus mattis. Curabitur maximus leo quis sem feugiat, ut condimentum nunc eleifend. Pellentesque vestibulum molestie condimentum. Vivamus volutpat lorem eu lacus viverra elementum. Nullam volutpat at nunc eu porta. Phasellus finibus ut dolor sit amet gravida. Class aptent taciti sociosqu ad litora torquent per conubia nostra, per inceptos himenaeos. Nullam a rutrum ligula. Vivamus at neque ac mauris pretium fermentum eu quis ligula. Manual de Instalacion Alcance Lorem ipsum dolor sit amet, consectetur adipiscing elit. Donec blandit, purus eget convallis hendrerit, ex enim varius nisl, eget molestie justo arcu a dolor. In hac habitasse platea dictumst. In nulla turpis, finibus in metus a, placerat placerat mi. Curabitur a convallis nulla. Sed vehicula tristique magna ut euismod. Vivamus condimentum neque at faucibus mattis. Curabitur maximus leo quis sem feugiat, ut condimentum nunc eleifend. Pellentesque vestibulum molestie condimentum. Vivamus volutpat lorem eu lacus viverra elementum. Nullam volutpat at nunc eu porta. Phasellus finibus ut dolor sit amet gravida. Class aptent taciti sociosqu ad litora torquent per conubia nostra, per inceptos himenaeos. Nullam a rutrum ligula. Vivamus at neque ac mauris pretium fermentum eu quis ligula. Descripción de la aplicación Lorem ipsum dolor sit amet, consectetur adipiscing elit. Donec blandit, purus eget convallis hendrerit, ex enim varius nisl, eget molestie justo arcu a dolor. In hac habitasse platea dictumst. In nulla turpis, finibus in metus a, placerat placerat mi. Curabitur a convallis nulla. Sed vehicula tristique magna ut euismod. Vivamus condimentum neque at faucibus mattis. Curabitur maximus leo quis sem feugiat, ut condimentum nunc eleifend. Pellentesque vestibulum molestie condimentum. Vivamus volutpat lorem eu lacus viverra elementum. Nullam volutpat at nunc eu porta. Phasellus finibus ut dolor sit amet gravida. Class aptent taciti sociosqu ad litora torquent per conubia nostra, perMI-LE-2022-1 inceptos himenaeos. Nullam a rutrum ligula. Vivamus at neque ac mauris pretium fermentum eu quis ligula. Anexos Lorem ipsum dolor sit amet, consectetur adipiscing elit. Donec blandit, purus eget convallis hendrerit, ex enim varius nisl, eget molestie justo arcu a dolor. In hac habitasse platea dictumst. In nulla turpis, finibus in metus a, placerat placerat mi. Curabitur a convallis nulla. Sed vehicula tristique magna ut euismod. Vivamus condimentum neque at faucibus mattis. Curabitur maximus leo quis sem feugiat, ut condimentum nunc eleifend. Pellentesque vestibulum molestie condimentum. Vivamus volutpat lorem eu lacus viverra elementum. Nullam volutpat at nunc eu porta. Phasellus finibus ut dolor sit amet gravida. Class aptent taciti sociosqu ad litora torquent per conubia nostra, per inceptos himenaeos. Nullam a rutrum ligula. Vivamus at neque ac mauris pretium fermentum eu quis ligula.;manual instalacion
MU-BBVA-2023-1 Servicio de Clasificación de ArchivosMU-BBVA-2023-1 Introduccion Cras consectetur, lectus auctor maximus pellentesque, nulla neque blandit quam, vitae vestibulum sem mi eu dolor. Nulla egestas dolor purus, eu faucibus libero condimentum eu. Nulla ac dignissim diam, vel volutpat arcu. Phasellus risus elit, vehicula a tortor at, euismod tempus risus. Mauris id volutpat dolor. Fusce commodo quis odio sed tincidunt. Nunc vitae imperdiet turpis. Vestibulum in leo ut ipsum porttitor cursus nec iaculis elit. Donec vel nisi mi. Nullam porttitor augue ut odio pretium, nec lobortis neque facilisis. Quisque enim augue, aliquet non libero hendrerit, dapibus efficitur ante. Donec condimentum augue dui, eu imperdiet augue facilisis in. Suspendisse at rutrum nunc. Manual de Usuario Objetivos Cras consectetur, lectus auctor maximus pellentesque, nulla neque blandit quam, vitae vestibulum sem mi eu dolor. Nulla egestas dolor purus, eu faucibus libero condimentum eu. Nulla ac dignissim diam, vel volutpat arcu. Phasellus risus elit, vehicula a tortor at, euismod tempus risus. Mauris id volutpat dolor. Fusce commodo quis odio sed tincidunt. Nunc vitae imperdiet turpis. Vestibulum in leo ut ipsum porttitor cursus nec iaculis elit. Donec vel nisi mi. Nullam porttitor augue ut odio pretium, nec lobortis neque facilisis. Quisque enim augue, aliquet non libero hendrerit, dapibus efficitur ante. Donec condimentum augue dui, eu imperdiet augue facilisis in. Suspendisse at rutrum nunc. Alcance Cras consectetur, lectus auctor maximus pellentesque, nulla neque blandit quam, vitae vestibulum sem mi eu dolor. Nulla egestas dolor purus, eu faucibus libero condimentum eu. Nulla ac dignissim diam, vel volutpat arcu. Phasellus risus elit, vehicula a tortor at, euismod tempus risus. Mauris id volutpat dolor. Fusce commodo quis odio sed tincidunt. Nunc vitae imperdiet turpis. Vestibulum in leo ut ipsum porttitor cursus nec iaculis elit. Donec vel nisi mi. Nullam porttitor augue ut odio pretium, nec lobortis neque facilisis. Quisque enim augue, aliquet non libero hendrerit, dapibus efficitur ante. Donec condimentum augue dui, eu imperdiet augue facilisis in. Suspendisse at rutrum nunc. Descripcion de la aplicación Cras consectetur, lectus auctor maximus pellentesque, nulla neque blandit quam, vitae vestibulum sem mi eu dolor. Nulla egestas dolor purus, eu faucibus libero condimentum eu. Nulla ac dignissim diam, vel volutpat arcu. Phasellus risus elit, vehicula a tortor at, euismod tempus risus. Mauris id volutpat dolor. Fusce commodo quis odio sed tincidunt. Nunc vitae imperdiet turpis. Vestibulum in leo ut ipsum porttitor cursus nec iaculis elit. Donec vel nisi mi. Nullam porttitor augue ut odio pretium, nec lobortis neque facilisis. Quisque enim augue, aliquet non libero hendrerit, dapibus efficitur ante. Donec condimentum augue dui, eu imperdiet augue facilisis in. Suspendisse at rutrum nunc. Descripcion de los modulosMU-BBVA-2023-1 Cras consectetur, lectus auctor maximus pellentesque, nulla neque blandit quam, vitae vestibulum sem mi eu dolor. Nulla egestas dolor purus, eu faucibus libero condimentum eu. Nulla ac dignissim diam, vel volutpat arcu. Phasellus risus elit, vehicula a tortor at, euismod tempus risus. Mauris id volutpat dolor. Fusce commodo quis odio sed tincidunt. Nunc vitae imperdiet turpis. Vestibulum in leo ut ipsum porttitor cursus nec iaculis elit. Donec vel nisi mi. Nullam porttitor augue ut odio pretium, nec lobortis neque facilisis. Quisque enim augue, aliquet non libero hendrerit, dapibus efficitur ante. Donec condimentum augue dui, eu imperdiet augue facilisis in. Suspendisse at rutrum nunc. Anexos Cras consectetur, lectus auctor maximus pellentesque, nulla neque blandit quam, vitae vestibulum sem mi eu dolor. Nulla egestas dolor purus, eu faucibus libero condimentum eu. Nulla ac dignissim diam, vel volutpat arcu. Phasellus risus elit, vehicula a tortor at, euismod tempus risus. Mauris id volutpat dolor. Fusce commodo quis odio sed tincidunt. Nunc vitae imperdiet turpis. Vestibulum in leo ut ipsum porttitor cursus nec iaculis elit. Donec vel nisi mi. Nullam porttitor augue ut odio pretium, nec lobortis neque facilisis. Quisque enim augue, aliquet non libero hendrerit, dapibus efficitur ante. Donec condimentum augue dui, eu imperdiet augue facilisis in. Suspendisse at rutrum nunc.;manual usuario
MU-CLR-2024-2 Portal de Experiencia al Cliente IntroduccionMU-CLR-2024-2 Cras consectetur, lectus auctor maximus pellentesque, nulla neque blandit quam, vitae vestibulum sem mi eu dolor. Nulla egestas dolor purus, eu faucibus libero condimentum eu. Nulla ac dignissim diam, vel vojjlutpat arcu. Phasellus risus elit, vehicula a tortor at, euismod tempus risus. Mauris id volutpat dolor. Fusce commodo quis odio sed tincidunt. Nunc vitae imperdiet turpis. Vestibulum in leo ut ipsum porttitor cursus nec iaculis elit. Donec vel nisi mi. Nullam porttitor augue ut odio pretium, nec lobortis neque facilisis. Quisque enim augue, aliquet non libero hendrerit, dapibus efficitur ante. Donec condimentum augue dui, eu imperdiet augue facilisis in. Suspendisse at rutrum nunc. Manual de Usuario Objetivos Cras consectetur, lectus auctor maximus pellentesque, nulla neque blandit quam, vitae vestibulum sem mi eu dolor. Nulla egestas dolor purus, eu faucibus libero condimentum eu. Nulla ac dignissim diam, vel volutpat arcu. Phasellus risus elit, vehicula a tortor at, euismod tempus risus. Mauris id volutpat dolor. Fusce commodo quis odio sed tincidunt. Nunc vitae imperdiet turpis. Vestibulum in leo mmut ipsum porttitor cursus nec iaculis elit. Donec vel nisi mi.Nullam porttitor augue ut odio pretium, nec lobortis neque facilisis. Quisque enim augue, aliquet non libero hendrerit, dapibus efficitur ante. Donec condimentum augue dui, eu imperdiet augue facilisis in. Suspendisse at rutrum nunc. Alcance Cras consectetur, lectus auctor maximus pellentesque, nulla neque blandit quam, vitae vestibulum sem mi eu dolor. Nulla egestas dolor purus, eu faucibus libero condimentum eu. Nulla ac dignissim diam, vel volutpat arcu. Phasellus risus elit, vehicula a tortor at, euismod tempus risus. Mauris id volutpat dolor. Fusce commodo quis odio sed tincidunt. Nunc vitae imperdiet turpis. Vestibulum in leo ut ipsum porttitor cursus nec iaculis elit. Donec vel nisi mi. Nullam porttitor augue ut odio pretium, nec lobortis neque facilisis. Quisque enim augue, aliquet non libero hendrerit, dapibus efficitur ante. Donec condimentum augue dui, eu imperdiet augue facilisis in. Suspendisse at rutrum nunc. Descripcion de la aplicación Cras consectetur, lectus auctor maximus pellentesque, nulla neque blandit quam, vitae vestibulum sem mi eu dolor. Nulla egestas dolor purus, eu faucibus libero condimentum eu. Nulla ac dignissim diam, vel volutpat arcu. Phasellus risus elit, vehicula a tortor at, euismod tempus risus. Mauris id volutpat dolor. Fusce commodo quis odio sed tincidunt. Nunc vitae imperdiet turpis. Vestibulum in leo ut ipsum porttitor cursus nec iaculis elit. Donec vel nisi mi. Nullam porttitor augue ut odio pretium, nec lobortis neque facilisis. Quisque enim augue, aliquet non libero hendrerit, dapibus efficitur ante. Donec condimentum augue dui, eu imperdiet augue facilisis in. Suspendisse at rutrum nunc. Descripcion de los modulos Cras consectetur, lectus auctor maximus pellentesque, nulla neque blandit quam, vitae vestibulum sem mi eu dolor. Nulla egestas dolor purus, eu faucibus libero condimentum eu. Nulla ac dignissim diam, vel volutpat arcu. Phasellus risus elit, vehicula a tortor at, euismod tempus risus. Mauris id volutpat dolor. Fusce commodo quis odio sed tincidunt. Nunc vitae imperdiet turpis. Vestibulum in leo ut ipsum porttitor cursus nec iaculis elit. Donec vel nisi mi. Nullam porttitor augue ut odio pretium, nec lobortis neque facilisis. Quisque enim augue,MU-CLR-2024-2 aliquet non libero hendrerit, djjapibus efficitur ante. Donec condimentum augue dui, eu imperdiet augue facilisis in. Suspendisse at rutrum nunc. Anexos Cras consectetur, lectus auctor maximus pellentesque, nulla neque blandit quam, vitae vestibulum sem mi eu dolor. Nulla egestas dolor purus, eu faucibus libero condimentum eu. Nulla ac dignissim diam, vel volutpat arcu. Phasellus risus elit, vehicula a tortor at, euismod tempus risus. Mauris id volutpat dolor. Fusce commodo quis odio sed tincidunt. Nunc vitae imperdiet turpis. Vestibulum in leo ut ipsum porttitor cursus nec iaculis elit. Donec vel nisi mi. Nullam porttitor augue ut odio pretium, nec lobortis neque facilisis. Quisque enim augue, aliquet non libero hendrerit, dapibus efficitur ante. Donec condimentum augue dui, eu imperdiet augue facilisis in. Suspendisse at rutrum nunc.;manual usuario
MU-CSC-2022-1 Portal de Servicios WebMU-CSC-2022-1 Introduccion Cras consectetur, lectus auctor maximus pellentesque, nulla neque blandit quam, vitae vestibulum sem mi eu dolor. Nulla egestas dolor purus, eu faucibus libero condimentum eu. Nulla ac dignissim diam, vel vojjlutpat arcu. Phasellus risus elit, vehicula a tortor at, euismod tempus risus. Mauris id volutpat dolor. Fusce commodo quis odio sed tincidunt. Nunc vitae imperdiet turpis. Vestibulum in leo ut ipsum porttitor cursus nec iaculis elit. Donec vel nisi mi. Nullam porttitor augue ut odio pretium, nec lobortis neque facilisis. Quisque enim augue, aliquet non libero hendrerit, dapibus efficitur ante. Donec condimentum augue dui, eu imperdiet augue facilisis in. Suspendisse at rutrum nunc. Manual de Usuario Objetivos Cras consectetur, lectus auctor maximus pellentesque, nulla neque blandit quam, vitae vestibulum sem mi eu dolor. Nulla egestas dolor purus, eu faucibus libero condimentum eu. Nulla ac dignissim diam, vel volutpat arcu. Phasellus risus elit, vehicula a tortor at, euismod tempus risus. Mauris id volutpat dolor. Fusce commodo quis odio sed tincidunt. Nunc vitae imperdiet turpis. Vestibulum in leo mmut ipsum porttitor cursus nec iaculis elit. Donec vel nisi mi.Nullam porttitor augue ut odio pretium, nec lobortis neque facilisis. Quisque enim augue, aliquet non libero hendrerit, dapibus efficitur ante. Donec condimentum augue dui, eu imperdiet augue facilisis in. Suspendisse at rutrum nunc. Alcance Cras consectetur, lectus auctor maximus pellentesque, nulla neque blandit quam, vitae vestibulum sem mi eu dolor. Nulla egestas dolor purus, eu faucibus libero condimentum eu. Nulla ac dignissim diam, vel volutpat arcu. Phasellus risus elit, vehicula a tortor at, euismod tempus risus. Mauris id volutpat dolor. Fusce commodo quis odio sed tincidunt. Nunc vitae imperdiet turpis. Vestibulum in leo ut ipsum porttitor cursus nec iaculis elit. Donec vel nisi mi. Nullam porttitor augue ut odio pretium, nec lobortis neque facilisis. Quisque enim augue, aliquet non libero hendrerit, dapibus efficitur ante. Donec condimentum augue dui, eu imperdiet augue facilisis in. Suspendisse at rutrum nunc. Descripcion de la aplicación Cras consectetur, lectus auctor maximus pellentesque, nulla neque blandit quam, vitae vestibulum sem mi eu dolor. Nulla egestas dolor purus, eu faucibus libero condimentum eu. Nulla ac dignissim diam, vel volutpat arcu. Phasellus risus elit, vehicula a tortor at, euismod tempus risus. Mauris id volutpat dolor. Fusce commodo quis odio sed tincidunt. Nunc vitae imperdiet turpis. Vestibulum in leo ut ipsum porttitor cursus nec iaculis elit. Donec vel nisi mi. Nullam porttitor augue ut odio pretium, nec lobortis neque facilisis. Quisque enim augue, aliquet non libero hendrerit, dapibus efficitur ante. Donec condimentum augue dui, eu imperdiet augue facilisis in. Suspendisse at rutrum nunc. Descripcion de los modulos Cras consectetur, lectus auctor maximus pellentesque, nulla neque blandit quam, vitae vestibulum sem mi eu dolor. Nulla egestas dolor purus, eu faucibus libero condimentum eu. Nulla ac dignissim diam, vel volutpat arcu. Phasellus risus elit, vehicula a tortor at, euismod tempus risus. Mauris id volutpat dolor. Fusce commodo quis odio sed tincidunt. Nunc vitae imperdiet turpis. Vestibulum in leo ut ipsum porttitor cursus nec iaculis elit. Donec vel nisi mi. Nullam porttitor augue ut odio pretium, nec lobortis neque facilisis. Quisque enim augue,MU-CSC-2022-1 aliquet non libero hendrerit, djjapibus efficitur ante. Donec condimentum augue dui, eu imperdiet augue facilisis in. Suspendisse at rutrum nunc. Anexos Cras consectetur, lectus auctor maximus pellentesque, nulla neque blandit quam, vitae vestibulum sem mi eu dolor. Nulla egestas dolor purus, eu faucibus libero condimentum eu. Nulla ac dignissim diam, vel volutpat arcu. Phasellus risus elit, vehicula a tortor at, euismod tempus risus. Mauris id volutpat dolor. Fusce commodo quis odio sed tincidunt. Nunc vitae imperdiet turpis. Vestibulum in leo ut ipsum porttitor cursus nec iaculis elit. Donec vel nisi mi. Nullam porttitor augue ut odio pretium, nec lobortis neque facilisis. Quisque enim augue, aliquet non libero hendrerit, dapibus efficitur ante. Donec condimentum augue dui, eu imperdiet augue facilisis in. Suspendisse at rutrum nunc.;manual usuario
MU-DC-2024-2 Portal de Promociones de ViajeMU-DC-2024-2 Introduccion Cras consectetur, lectus auctor maximus pellentesque, nulla neque blandit quam, vitae vestibulum sem mi eu dolor. Nulla egestas dolor purus, eu faucibus libero condimentum eu. Nulla ac dignissim diam, vel vojjlutpat arcu. Phasellus risus elit, vehicula a tortor at, euismod tempus risus. Mauris id volutpat dolor. Fusce commodo quis odio sed tincidunt. Nunc vitae imperdiet turpis. Vestibulum in leo ut ipsum porttitor cursus nec iaculis elit. Donec vel nisi mi. Nullam porttitor augue ut odio pretium, nec lobortis neque facilisis. Quisque enim augue, aliquet non libero hendrerit, dapibus efficitur ante. Donec condimentum augue dui, eu imperdiet augue facilisis in. Suspendisse at rutrum nunc. Manual de Usuario Objetivos Cras consectetur, lectus auctor maximus pellentesque, nulla neque blandit quam, vitae vestibulum sem mi eu dolor. Nulla egestas dolor purus, eu faucibus libero condimentum eu. Nulla ac dignissim diam, vel volutpat arcu. Phasellus risus elit, vehicula a tortor at, euismod tempus risus. Mauris id volutpat dolor. Fusce commodo quis odio sed tincidunt. Nunc vitae imperdiet turpis. Vestibulum in leo mmut ipsum porttitor cursus nec iaculis elit. Donec vel nisi mi.Nullam porttitor augue ut odio pretium, nec lobortis neque facilisis. Quisque enim augue, aliquet non libero hendrerit, dapibus efficitur ante. Donec condimentum augue dui, eu imperdiet augue facilisis in. Suspendisse at rutrum nunc. Alcance Cras consectetur, lectus auctor maximus pellentesque, nulla neque blandit quam, vitae vestibulum sem mi eu dolor. Nulla egestas dolor purus, eu faucibus libero condimentum eu. Nulla ac dignissim diam, vel volutpat arcu. Phasellus risus elit, vehicula a tortor at, euismod tempus risus. Mauris id volutpat dolor. Fusce commodo quis odio sed tincidunt. Nunc vitae imperdiet turpis. Vestibulum in leo ut ipsum porttitor cursus nec iaculis elit. Donec vel nisi mi. Nullam porttitor augue ut odio pretium, nec lobortis neque facilisis. Quisque enim augue, aliquet non libero hendrerit, dapibus efficitur ante. Donec condimentum augue dui, eu imperdiet augue facilisis in. Suspendisse at rutrum nunc. Descripcion de la aplicación Cras consectetur, lectus auctor maximus pellentesque, nulla neque blandit quam, vitae vestibulum sem mi eu dolor. Nulla egestas dolor purus, eu faucibus libero condimentum eu. Nulla ac dignissim diam, vel volutpat arcu. Phasellus risus elit, vehicula a tortor at, euismod tempus risus. Mauris id volutpat dolor. Fusce commodo quis odio sed tincidunt. Nunc vitae imperdiet turpis. Vestibulum in leo ut ipsum porttitor cursus nec iaculis elit. Donec vel nisi mi. Nullam porttitor augue ut odio pretium, nec lobortis neque facilisis. Quisque enim augue, aliquet non libero hendrerit, dapibus efficitur ante. Donec condimentum augue dui, eu imperdiet augue facilisis in. Suspendisse at rutrum nunc. Descripcion de los modulos Cras consectetur, lectus auctor maximus pellentesque, nulla neque blandit quam, vitae vestibulum sem mi eu dolor. Nulla egestas dolor purus, eu faucibus libero condimentum eu. Nulla ac dignissim diam, vel volutpat arcu. Phasellus risus elit, vehicula a tortor at, euismod tempus risus. Mauris id volutpat dolor. Fusce commodo quis odio sed tincidunt. Nunc vitaeMU-DC-2024-2 imperdiet turpis. Vestibulum in leo ut ipsum porttitor cursus nec iaculis elit. Donec vel nisi mi. Nullam porttitor augue ut odio pretium, nec lobortis neque facilisis. Quisque enim augue, aliquet non libero hendrerit, djjapibus efficitur ante. Donec condimentum augue dui, eu imperdiet augue facilisis in. Suspendisse at rutrum nunc. Anexos Cras consectetur, lectus auctor maximus pellentesque, nulla neque blandit quam, vitae vestibulum sem mi eu dolor. Nulla egestas dolor purus, eu faucibus libero condimentum eu. Nulla ac dignissim diam, vel volutpat arcu. Phasellus risus elit, vehicula a tortor at, euismod tempus risus. Mauris id volutpat dolor. Fusce commodo quis odio sed tincidunt. Nunc vitae imperdiet turpis. Vestibulum in leo ut ipsum porttitor cursus nec iaculis elit. Donec vel nisi mi. Nullam porttitor augue ut odio pretium, nec lobortis neque facilisis. Quisque enim augue, aliquet non libero hendrerit, dapibus efficitur ante. Donec condimentum augue dui, eu imperdiet augue facilisis in. Suspendisse at rutrum nunc.;manual usuario
MU-ENT-2023-2 Portal de Convenios CoorporativosMU-ENT-2023-2 Introduccion Cras consectetur, lectus auctor maximus pellentesque, nulla neque blandit quam, vitae vestibulum sem mi eu dolor. Nulla egestas dolor purus, eu faucibus libero condimentum eu. Nulla ac dignissim diam, vel vojjlutpat arcu. Phasellus risus elit, vehicula a tortor at, euismod tempus risus. Mauris id volutpat dolor. Fusce commodo quis odio sed tincidunt. Nunc vitae imperdiet turpis. Vestibulum in leo ut ipsum porttitor cursus nec iaculis elit. Donec vel nisi mi. Nullam porttitor augue ut odio pretium, nec lobortis neque facilisis. Quisque enim augue, aliquet non libero hendrerit, dapibus efficitur ante. Donec condimentum augue dui, eu imperdiet augue facilisis in. Suspendisse at rutrum nunc. Manual de Usuario Objetivos Cras consectetur, lectus auctor maximus pellentesque, nulla neque blandit quam, vitae vestibulum sem mi eu dolor. Nulla egestas dolor purus, eu faucibus libero condimentum eu. Nulla ac dignissim diam, vel volutpat arcu. Phasellus risus elit, vehicula a tortor at, euismod tempus risus. Mauris id volutpat dolor. Fusce commodo quis odio sed tincidunt. Nunc vitae imperdiet turpis. Vestibulum in leo mmut ipsum porttitor cursus nec iaculis elit. Donec vel nisi mi.Nullam porttitor augue ut odio pretium, nec lobortis neque facilisis. Quisque enim augue, aliquet non libero hendrerit, dapibus efficitur ante. Donec condimentum augue dui, eu imperdiet augue facilisis in. Suspendisse at rutrum nunc. Alcance Cras consectetur, lectus auctor maximus pellentesque, nulla neque blandit quam, vitae vestibulum sem mi eu dolor. Nulla egestas dolor purus, eu faucibus libero condimentum eu. Nulla ac dignissim diam, vel volutpat arcu. Phasellus risus elit, vehicula a tortor at, euismod tempus risus. Mauris id volutpat dolor. Fusce commodo quis odio sed tincidunt. Nunc vitae imperdiet turpis. Vestibulum in leo ut ipsum porttitor cursus nec iaculis elit. Donec vel nisi mi. Nullam porttitor augue ut odio pretium, nec lobortis neque facilisis. Quisque enim augue, aliquet non libero hendrerit, dapibus efficitur ante. Donec condimentum augue dui, eu imperdiet augue facilisis in. Suspendisse at rutrum nunc. Descripcion de la aplicación Cras consectetur, lectus auctor maximus pellentesque, nulla neque blandit quam, vitae vestibulum sem mi eu dolor. Nulla egestas dolor purus, eu faucibus libero condimentum eu. Nulla ac dignissim diam, vel volutpat arcu. Phasellus risus elit, vehicula a tortor at, euismod tempus risus. Mauris id volutpat dolor. Fusce commodo quis odio sed tincidunt. Nunc vitae imperdiet turpis. Vestibulum in leo ut ipsum porttitor cursus nec iaculis elit. Donec vel nisi mi. Nullam porttitor augue ut odio pretium, nec lobortis neque facilisis. Quisque enim augue, aliquet non libero hendrerit, dapibus efficitur ante. Donec condimentum augue dui, eu imperdiet augue facilisis in. Suspendisse at rutrum nunc. Descripcion de los modulos Cras consectetur, lectus auctor maximus pellentesque, nulla neque blandit quam, vitae vestibulum sem mi eu dolor. Nulla egestas dolor purus, eu faucibus libero condimentum eu. Nulla ac dignissim diam, vel volutpat arcu. Phasellus risus elit, vehicula a tortor at, euismod tempus risus. Mauris id volutpat dolor. Fusce commodo quis odio sed tincidunt. Nunc vitaeMU-ENT-2023-2 imperdiet turpis. Vestibulum in leo ut ipsum porttitor cursus nec iaculis elit. Donec vel nisi mi. Nullam porttitor augue ut odio pretium, nec lobortis neque facilisis. Quisque enim augue, aliquet non libero hendrerit, djjapibus efficitur ante. Donec condimentum augue dui, eu imperdiet augue facilisis in. Suspendisse at rutrum nunc. Anexos Cras consectetur, lectus auctor maximus pellentesque, nulla neque blandit quam, vitae vestibulum sem mi eu dolor. Nulla egestas dolor purus, eu faucibus libero condimentum eu. Nulla ac dignissim diam, vel volutpat arcu. Phasellus risus elit, vehicula a tortor at, euismod tempus risus. Mauris id volutpat dolor. Fusce commodo quis odio sed tincidunt. Nunc vitae imperdiet turpis. Vestibulum in leo ut ipsum porttitor cursus nec iaculis elit. Donec vel nisi mi. Nullam porttitor augue ut odio pretium, nec lobortis neque facilisis. Quisque enim augue, aliquet non libero hendrerit, dapibus efficitur ante. Donec condimentum augue dui, eu imperdiet augue facilisis in. Suspendisse at rutrum nunc.;manual usuario
MU-HW-2024-1 Informe de Venta por Catalogo IntroduccionMU-HW-2024-1 Cras consectetur, lectus auctor maximus pellentesque, nulla neque blandit quam, vitae vestibulum sem mi eu dolor. Nulla egestas dolor purus, eu faucibus libero condimentum eu. Nulla ac dignissim diam, vel vojjlutpat arcu. Phasellus risus elit, vehicula a tortor at, euismod tempus risus. Mauris id volutpat dolor. Fusce commodo quis odio sed tincidunt. Nunc vitae imperdiet turpis. Vestibulum in leo ut ipsum porttitor cursus nec iaculis elit. Donec vel nisi mi. Nullam porttitor augue ut odio pretium, nec lobortis neque facilisis. Quisque enim augue, aliquet non libero hendrerit, dapibus efficitur ante. Donec condimentum augue dui, eu imperdiet augue facilisis in. Suspendisse at rutrum nunc. Manual de Usuario Objetivos Cras consectetur, lectus auctor maximus pellentesque, nulla neque blandit quam, vitae vestibulum sem mi eu dolor. Nulla egestas dolor purus, eu faucibus libero condimentum eu. Nulla ac dignissim diam, vel volutpat arcu. Phasellus risus elit, vehicula a tortor at, euismod tempus risus. Mauris id volutpat dolor. Fusce commodo quis odio sed tincidunt. Nunc vitae imperdiet turpis. Vestibulum in leo mmut ipsum porttitor cursus nec iaculis elit. Donec vel nisi mi.Nullam porttitor augue ut odio pretium, nec lobortis neque facilisis. Quisque enim augue, aliquet non libero hendrerit, dapibus efficitur ante. Donec condimentum augue dui, eu imperdiet augue facilisis in. Suspendisse at rutrum nunc. Alcance Cras consectetur, lectus auctor maximus pellentesque, nulla neque blandit quam, vitae vestibulum sem mi eu dolor. Nulla egestas dolor purus, eu faucibus libero condimentum eu. Nulla ac dignissim diam, vel volutpat arcu. Phasellus risus elit, vehicula a tortor at, euismod tempus risus. Mauris id volutpat dolor. Fusce commodo quis odio sed tincidunt. Nunc vitae imperdiet turpis. Vestibulum in leo ut ipsum porttitor cursus nec iaculis elit. Donec vel nisi mi. Nullam porttitor augue ut odio pretium, nec lobortis neque facilisis. Quisque enim augue, aliquet non libero hendrerit, dapibus efficitur ante. Donec condimentum augue dui, eu imperdiet augue facilisis in. Suspendisse at rutrum nunc. Descripcion de la aplicación Cras consectetur, lectus auctor maximus pellentesque, nulla neque blandit quam, vitae vestibulum sem mi eu dolor. Nulla egestas dolor purus, eu faucibus libero condimentum eu. Nulla ac dignissim diam, vel volutpat arcu. Phasellus risus elit, vehicula a tortor at, euismod tempus risus. Mauris id volutpat dolor. Fusce commodo quis odio sed tincidunt. Nunc vitae imperdiet turpis. Vestibulum in leo ut ipsum porttitor cursus nec iaculis elit. Donec vel nisi mi. Nullam porttitor augue ut odio pretium, nec lobortis neque facilisis. Quisque enim augue, aliquet non libero hendrerit, dapibus efficitur ante. Donec condimentum augue dui, eu imperdiet augue facilisis in. Suspendisse at rutrum nunc. Descripcion de los modulos Cras consectetur, lectus auctor maximus pellentesque, nulla neque blandit quam, vitae vestibulum sem mi eu dolor. Nulla egestas dolor purus, eu faucibus libero condimentum eu. Nulla ac dignissim diam, vel volutpat arcu. Phasellus risus elit, vehicula a tortor at, euismod tempus risus. Mauris id volutpat dolor. Fusce commodo quis odio sed tincidunt. Nunc vitae imperdiet turpis. Vestibulum in leo ut ipsum porttitor cursus nec iaculis elit. Donec vel nisi mi. Nullam porttitor augue ut odio pretium, nec lobortis neque facilisis. Quisque enim augue,MU-HW-2024-1 aliquet non libero hendrerit, djjapibus efficitur ante. Donec condimentum augue dui, eu imperdiet augue facilisis in. Suspendisse at rutrum nunc. Anexos Cras consectetur, lectus auctor maximus pellentesque, nulla neque blandit quam, vitae vestibulum sem mi eu dolor. Nulla egestas dolor purus, eu faucibus libero condimentum eu. Nulla ac dignissim diam, vel volutpat arcu. Phasellus risus elit, vehicula a tortor at, euismod tempus risus. Mauris id volutpat dolor. Fusce commodo quis odio sed tincidunt. Nunc vitae imperdiet turpis. Vestibulum in leo ut ipsum porttitor cursus nec iaculis elit. Donec vel nisi mi. Nullam porttitor augue ut odio pretium, nec lobortis neque facilisis. Quisque enim augue, aliquet non libero hendrerit, dapibus efficitur ante. Donec condimentum augue dui, eu imperdiet augue facilisis in. Suspendisse at rutrum nunc.;manual usuario
MU-PI-2022-1 Portal de Certificación TécnicaMU-PI-2022-1 Introduccion Cras consectetur, lectus auctor maximus pellentesque, nulla neque blandit quam, vitae vestibulum sem mi eu dolor. Nulla egestas dolor purus, eu faucibus libero condimentum eu. Nulla ac dignissim diam, vel volutpat arcu. Phasellus risus elit, vehicula a tortor at, euismod tempus risus. Mauris id volutpat dolor. Fusce commodo quis odio sed tincidunt. Nunc vitae imperdiet turpis. Vestibulum in leo ut ipsum porttitor cursus nec iaculis elit. Donec vel nisi mi. Nullam porttitor augue ut odio pretium, nec lobortis neque facilisis. Quisque enim augue, aliquet non libero hendrerit, dapibus efficitur ante. Donec condimentum augue dui, eu imperdiet augue facilisis in. Suspendisse at rutrum nunc. Manual de Usuario Objetivos Cras consectetur, lectus auctor maximus pellentesque, nulla neque blandit quam, vitae vestibulum sem mi eu dolor. Nulla egestas dolor purus, eu faucibus libero condimentum eu. Nulla ac dignissim diam, vel volutpat arcu. Phasellus risus elit, vehicula a tortor at, euismod tempus risus. Mauris id volutpat dolor. Fusce commodo quis odio sed tincidunt. Nunc vitae imperdiet turpis. Vestibulum in leo ut ipsum porttitor cursus nec iaculis elit. Donec vel nisi mi. Nullam porttitor augue ut odio pretium, nec lobortis neque facilisis. Quisque enim augue, aliquet non libero hendrerit, dapibus efficitur ante. Donec condimentum augue dui, eu imperdiet augue facilisis in. Suspendisse at rutrum nunc. Alcance Cras consectetur, lectus auctor maximus pellentesque, nulla neque blandit quam, vitae vestibulum sem mi eu dolor. Nulla egestas dolor purus, eu faucibus libero condimentum eu. Nulla ac dignissim diam, vel volutpat arcu. Phasellus risus elit, vehicula a tortor at, euismod tempus risus. Mauris id volutpat dolor. Fusce commodo quis odio sed tincidunt. Nunc vitae imperdiet turpis. Vestibulum in leo ut ipsum porttitor cursus nec iaculis elit. Donec vel nisi mi. Nullam porttitor augue ut odio pretium, nec lobortis neque facilisis. Quisque enim augue, aliquet non libero hendrerit, dapibus efficitur ante. Donec condimentum augue dui, eu imperdiet augue facilisis in. Suspendisse at rutrum nunc. Descripcion de la aplicación Cras consectetur, lectus auctor maximus pellentesque, nulla neque blandit quam, vitae vestibulum sem mi eu dolor. Nulla egestas dolor purus, eu faucibus libero condimentum eu. Nulla ac dignissim diam, vel volutpat arcu. Phasellus risus elit, vehicula a tortor at, euismod tempus risus. Mauris id volutpat dolor. Fusce commodo quis odio sed tincidunt. Nunc vitae imperdiet turpis. Vestibulum in leo ut ipsum porttitor cursus nec iaculis elit. Donec vel nisi mi. Nullam porttitor augue ut odio pretium, nec lobortis neque facilisis. Quisque enim augue, aliquet non libero hendrerit, dapibus efficitur ante. Donec condimentum augue dui, eu imperdiet augue facilisis in. Suspendisse at rutrum nunc. Descripcion de los modulos Cras consectetur, lectus auctor maximus pellentesque, nulla neque blandit quam, vitae vestibulum sem mi eu dolor. Nulla egestas dolor purus, eu faucibus libero condimentum eu. Nulla ac dignissim diam, vel volutpat arcu. Phasellus risus elit, vehicula a tortor at, euismodMU-PI-2022-1 tempus risus. Mauris id volutpat dolor. Fusce commodo quis odio sed tincidunt. Nunc vitae imperdiet turpis. Vestibulum in leo ut ipsum porttitor cursus nec iaculis elit. Donec vel nisi mi. Nullam porttitor augue ut odio pretium, nec lobortis neque facilisis. Quisque enim augue, aliquet non libero hendrerit, dapibus efficitur ante. Donec condimentum augue dui, eu imperdiet augue facilisis in. Suspendisse at rutrum nunc. Anexos Cras consectetur, lectus auctor maximus pellentesque, nulla neque blandit quam, vitae vestibulum sem mi eu dolor. Nulla egestas dolor purus, eu faucibus libero condimentum eu. Nulla ac dignissim diam, vel volutpat arcu. Phasellus risus elit, vehicula a tortor at, euismod tempus risus. Mauris id volutpat dolor. Fusce commodo quis odio sed tincidunt. Nunc vitae imperdiet turpis. Vestibulum in leo ut ipsum porttitor cursus nec iaculis elit. Donec vel nisi mi. Nullam porttitor augue ut odio pretium, nec lobortis neque facilisis. Quisque enim augue, aliquet non libero hendrerit, dapibus efficitur ante. Donec condimentum augue dui, eu imperdiet augue facilisis in. Suspendisse at rutrum nunc.;manual usuario
MU-PI-2023-2 Portal de CapacitacionesMU-PI-2023-2 Introduccion Cras consectetur, lectus auctor maximus pellentesque, nulla neque blandit quam, vitae vestibulum sem mi eu dolor. Nulla egestas dolor purus, eu faucibus libero condimentum eu. Nulla ac dignissim diam, vel vojjlutpat arcu. Phasellus risus elit, vehicula a tortor at, euismod tempus risus. Mauris id volutpat dolor. Fusce commodo quis odio sed tincidunt. Nunc vitae imperdiet turpis. Vestibulum in leo ut ipsum porttitor cursus nec iaculis elit. Donec vel nisi mi. Nullam porttitor augue ut odio pretium, nec lobortis neque facilisis. Quisque enim augue, aliquet non libero hendrerit, dapibus efficitur ante. Donec condimentum augue dui, eu imperdiet augue facilisis in. Suspendisse at rutrum nunc. Manual de Usuario Objetivos Cras consectetur, lectus auctor maximus pellentesque, nulla neque blandit quam, vitae vestibulum sem mi eu dolor. Nulla egestas dolor purus, eu faucibus libero condimentum eu. Nulla ac dignissim diam, vel volutpat arcu. Phasellus risus elit, vehicula a tortor at, euismod tempus risus. Mauris id volutpat dolor. Fusce commodo quis odio sed tincidunt. Nunc vitae imperdiet turpis. Vestibulum in leo mmut ipsum porttitor cursus nec iaculis elit. Donec vel nisi mi.Nullam porttitor augue ut odio pretium, nec lobortis neque facilisis. Quisque enim augue, aliquet non libero hendrerit, dapibus efficitur ante. Donec condimentum augue dui, eu imperdiet augue facilisis in. Suspendisse at rutrum nunc. Alcance Cras consectetur, lectus auctor maximus pellentesque, nulla neque blandit quam, vitae vestibulum sem mi eu dolor. Nulla egestas dolor purus, eu faucibus libero condimentum eu. Nulla ac dignissim diam, vel volutpat arcu. Phasellus risus elit, vehicula a tortor at, euismod tempus risus. Mauris id volutpat dolor. Fusce commodo quis odio sed tincidunt. Nunc vitae imperdiet turpis. Vestibulum in leo ut ipsum porttitor cursus nec iaculis elit. Donec vel nisi mi. Nullam porttitor augue ut odio pretium, nec lobortis neque facilisis. Quisque enim augue, aliquet non libero hendrerit, dapibus efficitur ante. Donec condimentum augue dui, eu imperdiet augue facilisis in. Suspendisse at rutrum nunc. Descripcion de la aplicación Cras consectetur, lectus auctor maximus pellentesque, nulla neque blandit quam, vitae vestibulum sem mi eu dolor. Nulla egestas dolor purus, eu faucibus libero condimentum eu. Nulla ac dignissim diam, vel volutpat arcu. Phasellus risus elit, vehicula a tortor at, euismod tempus risus. Mauris id volutpat dolor. Fusce commodo quis odio sed tincidunt. Nunc vitae imperdiet turpis. Vestibulum in leo ut ipsum porttitor cursus nec iaculis elit. Donec vel nisi mi. Nullam porttitor augue ut odio pretium, nec lobortis neque facilisis. Quisque enim augue, aliquet non libero hendrerit, dapibus efficitur ante. Donec condimentum augue dui, eu imperdiet augue facilisis in. Suspendisse at rutrum nunc. Descripcion de los modulos Cras consectetur, lectus auctor maximus pellentesque, nulla neque blandit quam, vitae vestibulum sem mi eu dolor. Nulla egestas dolor purus, eu faucibus libero condimentum eu. Nulla ac dignissim diam, vel volutpat arcu. Phasellus risus elit, vehicula a tortor at, euismod tempus risus. Mauris id volutpat dolor. Fusce commodo quis odio sed tincidunt. Nunc vitaeMU-PI-2023-2 imperdiet turpis. Vestibulum in leo ut ipsum porttitor cursus nec iaculis elit. Donec vel nisi mi. Nullam porttitor augue ut odio pretium, nec lobortis neque facilisis. Quisque enim augue, aliquet non libero hendrerit, djjapibus efficitur ante. Donec condimentum augue dui, eu imperdiet augue facilisis in. Suspendisse at rutrum nunc. Anexos Cras consectetur, lectus auctor maximus pellentesque, nulla neque blandit quam, vitae vestibulum sem mi eu dolor. Nulla egestas dolor purus, eu faucibus libero condimentum eu. Nulla ac dignissim diam, vel volutpat arcu. Phasellus risus elit, vehicula a tortor at, euismod tempus risus. Mauris id volutpat dolor. Fusce commodo quis odio sed tincidunt. Nunc vitae imperdiet turpis. Vestibulum in leo ut ipsum porttitor cursus nec iaculis elit. Donec vel nisi mi. Nullam porttitor augue ut odio pretium, nec lobortis neque facilisis. Quisque enim augue, aliquet non libero hendrerit, dapibus efficitur ante. Donec condimentum augue dui, eu imperdiet augue facilisis in. Suspendisse at rutrum nunc.;manual usuario
MU-STD-2023-1 Servicio de Eliminación de DocumentosMU-STD-2023-1 Introduccion Lorem ipsum dolor sit amet, consectetur adipiscing elit. Integer sed dolor tempor massa ultrices congue tincidunt a augue. Integer at quam egestas, ullamcorper orci sit amet, sollicitudin felis. Aenean mattis vulputate tellus, ac pharetra ipsum faucibus a. Vestibulum tempus iaculis quam, ut scelerisque urna auctor eget. Curabitur ut quam sit amet felis maximus condimentum sit amet aliquet nunc. Aliquam feugiat sem in mauris sodales, et finibus ipsum gravida. In feugiat, dui eu consequat aliquam, dui eros ornare nisl, quis aliquam magna erat quis nisi. Duis nulla tellus, euismod quis porta ut, commodo nec urna. Nulla semper ut libero eget blandit. Sed sollicitudin erat enim, non bibendum sapien aliquam eu. Pellentesque ut aliquet ex. Donec id urna tellus. Sed auctor leo vel felis sollicitudin dapibus. Morbi aliquet dolor eu tortor volutpat ultricies semper a leo. Manual Usuario Objetivos Lorem ipsum dolor sit amet, consectetur adipiscing elit. Integer sed dolor tempor massa ultrices congue tincidunt a augue. Integer at quam egestas, ullamcorper orci sit amet, sollicitudin felis. Aenean mattis vulputate tellus, ac pharetra ipsum faucibus a. Vestibulum tempus iaculis quam, ut scelerisque urna auctor eget. Curabitur ut quam sit amet felis maximus condimentum sit amet aliquet nunc. Aliquam feugiat sem in mauris sodales, et finibus ipsum gravida. In feugiat, dui eu consequat aliquam, dui eros ornare nisl, quis aliquam magna erat quis nisi. Duis nulla tellus, euismod quis porta ut, commodo nec urna. Nulla semper ut libero eget blandit. Sed sollicitudin erat enim, non bibendum sapien aliquam eu. Pellentesque ut aliquet ex. Donec id urna tellus. Sed auctor leo vel felis sollicitudin dapibus. Morbi aliquet dolor eu tortor volutpat ultricies semper a leo. Alcance Lorem ipsum dolor sit amet, consectetur adipiscing elit. Integer sed dolor tempor massa ultrices congue tincidunt a augue. Integer at quam egestas, ullamcorper orci sit amet, sollicitudin felis. Aenean mattis vulputate tellus, ac pharetra ipsum faucibus a. Vestibulum tempus iaculis quam, ut scelerisque urna auctor eget. Curabitur ut quam sit amet felis maximus condimentum sit amet aliquet nunc. Aliquam feugiat sem in mauris sodales, et finibus ipsum gravida. In feugiat, dui eu consequat aliquam, dui eros ornare nisl, quis aliquam magna erat quis nisi. Duis nulla tellus, euismod quis porta ut, commodo nec urna. Nulla semper ut libero eget blandit. Sed sollicitudin erat enim, non bibendum sapien aliquam eu. Pellentesque ut aliquet ex. Donec id urna tellus. Sed auctor leo vel felis sollicitudin dapibus. Morbi aliquet dolor eu tortor volutpat ultricies semper a leo. Descripcion de la aplicación Lorem ipsum dolor sit amet, consectetur adipiscing elit. Integer sed dolor tempor massa ultrices congue tincidunt a augue. Integer at quam egestas, ullamcorper orci sit amet, sollicitudin felis. Aenean mattis vulputate tellus, ac pharetra ipsum faucibus a. Vestibulum tempus iaculis quam, ut scelerisque urna auctor eget. Curabitur ut quam sit amet felis maximus condimentum sit amet aliquet nunc. Aliquam feugiat sem in mauris sodales, et finibus ipsum gravida. In feugiat, dui eu consequat aliquam, dui eros ornare nisl, quis aliquam magna erat quis nisi. Duis nulla tellus, euismod quis porta ut, commodo nec urna. Nulla semper ut libero eget blandit. Sed sollicitudin erat enim, non bibendum sapien aliquam eu. Pellentesque ut aliquet ex. Donec id urna tellus. Sed auctor leo vel felis sollicitudin dapibus. Morbi aliquet dolor eu tortor volutpat ultricies semper a leo.MU-STD-2023-1 Descripcion de los modulos Lorem ipsum dolor sit amet, consectetur adipiscing elit. Integer sed dolor tempor massa ultrices congue tincidunt a augue. Integer at quam egestas, ullamcorper orci sit amet, sollicitudin felis. Aenean mattis vulputate tellus, ac pharetra ipsum faucibus a. Vestibulum tempus iaculis quam, ut scelerisque urna auctor eget. Curabitur ut quam sit amet felis maximus condimentum sit amet aliquet nunc. Aliquam feugiat sem in mauris sodales, et finibus ipsum gravida. In feugiat, dui eu consequat aliquam, dui eros ornare nisl, quis aliquam magna erat quis nisi. Duis nulla tellus, euismod quis porta ut, commodo nec urna. Nulla semper ut libero eget blandit. Sed sollicitudin erat enim, non bibendum sapien aliquam eu. Pellentesque ut aliquet ex. Donec id urna tellus. Sed auctor leo vel felis sollicitudin dapibus. Morbi aliquet dolor eu tortor volutpat ultricies semper a leo. Anexos Lorem ipsum dolor sit amet, consectetur adipiscing elit. Integer sed dolor tempor massa ultrices congue tincidunt a augue. Integer at quam egestas, ullamcorper orci sit amet, sollicitudin felis. Aenean mattis vulputate tellus, ac pharetra ipsum faucibus a. Vestibulum tempus iaculis quam, ut scelerisque urna auctor eget. Curabitur ut quam sit amet felis maximus condimentum sit amet aliquet nunc. Aliquam feugiat sem in mauris sodales, et finibus ipsum gravida. In feugiat, dui eu consequat aliquam, dui eros ornare nisl, quis aliquam magna erat quis nisi. Duis nulla tellus, euismod quis porta ut, commodo nec urna. Nulla semper ut libero eget blandit. Sed sollicitudin erat enim, non bibendum sapien aliquam eu. Pellentesque ut aliquet ex. Donec id urna tellus. Sed auctor leo vel felis sollicitudin dapibus. Morbi aliquet dolor eu tortor volutpat ultricies semper a leo.;manual usuario
